epoch,time,train/box_loss,train/cls_loss,train/dfl_loss,metrics/precision(B),metrics/recall(B),metrics/mAP50(B),metrics/mAP50-95(B),val/box_loss,val/cls_loss,val/dfl_loss,lr/pg0,lr/pg1,lr/pg2
1,490.137,0.84262,2.68346,1.40245,0.35215,0.53705,0.39639,0.28702,0.91624,1.55497,1.42894,0.000123146,0.000123146,0.000123146
2,973.257,0.71162,1.49488,1.2718,0.69125,0.74966,0.75536,0.58514,0.83912,1.05975,1.34789,0.000241599,0.000241599,0.000241599
3,1448,0.67898,1.1953,1.23094,0.75666,0.7235,0.77544,0.5908,0.78858,0.97948,1.28552,0.000355168,0.000355168,0.000355168
4,1915.93,0.64764,1.01654,1.20858,0.77593,0.77455,0.8225,0.70642,0.69687,0.89179,1.1765,0.000348022,0.000348022,0.000348022
5,2387.27,0.61664,0.91378,1.18651,0.80782,0.80573,0.87932,0.74469,0.68215,0.74246,1.15969,0.000340696,0.000340696,0.000340696
6,3108.57,0.59626,0.83077,1.16897,0.84717,0.83575,0.90146,0.79241,0.63663,0.66207,1.12189,0.00033337,0.00033337,0.00033337
7,3606.87,0.57904,0.778,1.15673,0.87353,0.8815,0.9262,0.81007,0.64746,0.64277,1.12211,0.000326044,0.000326044,0.000326044
8,4071.68,0.55869,0.73482,1.14001,0.89437,0.87348,0.92821,0.81637,0.63115,0.62121,1.10731,0.000318718,0.000318718,0.000318718
9,4536.46,0.55246,0.7017,1.136,0.90751,0.9033,0.94592,0.84774,0.59683,0.55014,1.05954,0.000311392,0.000311392,0.000311392
10,5001.87,0.53825,0.66724,1.1182,0.90138,0.90163,0.95094,0.85286,0.59144,0.5361,1.0641,0.000304066,0.000304066,0.000304066
11,5468.16,0.53191,0.6513,1.12114,0.92813,0.88352,0.94892,0.85643,0.57008,0.53634,1.04009,0.00029674,0.00029674,0.00029674
12,5934.68,0.51599,0.62659,1.10949,0.93066,0.9014,0.95852,0.86655,0.56803,0.52204,1.03361,0.000289414,0.000289414,0.000289414
13,6401.36,0.5097,0.60421,1.10493,0.93455,0.90085,0.95704,0.8748,0.54357,0.48803,1.01673,0.000282088,0.000282088,0.000282088
14,6866.29,0.50779,0.60255,1.10206,0.93392,0.92378,0.963,0.87234,0.55131,0.48753,1.01163,0.000274762,0.000274762,0.000274762
15,7331.99,0.49511,0.57676,1.09347,0.9306,0.91814,0.96221,0.88564,0.51881,0.47084,0.99316,0.000267436,0.000267436,0.000267436
16,7802.75,0.48811,0.56851,1.08961,0.93788,0.91796,0.9652,0.8798,0.53067,0.47946,0.98865,0.00026011,0.00026011,0.00026011
17,8269.48,0.48047,0.5533,1.08379,0.94179,0.90489,0.96088,0.88274,0.51736,0.46953,0.98059,0.000252784,0.000252784,0.000252784
18,8737.41,0.48415,0.54121,1.08466,0.94473,0.93011,0.96881,0.89547,0.49426,0.44453,0.95114,0.000245458,0.000245458,0.000245458
19,9249.96,0.47501,0.53591,1.08086,0.94237,0.92634,0.96757,0.89899,0.48825,0.44307,0.94346,0.000238132,0.000238132,0.000238132
20,10016.3,0.46441,0.52064,1.07309,0.95026,0.93645,0.97366,0.90348,0.47919,0.42387,0.93933,0.000230806,0.000230806,0.000230806
21,10867.3,0.4601,0.50869,1.07133,0.94803,0.94392,0.97283,0.90396,0.4681,0.41977,0.925,0.00022348,0.00022348,0.00022348
22,11632,0.45532,0.50023,1.06838,0.95865,0.93607,0.97383,0.90522,0.47296,0.42444,0.93173,0.000216154,0.000216154,0.000216154
23,12205.2,0.44458,0.49096,1.05757,0.96862,0.93044,0.97555,0.90384,0.4688,0.4007,0.93168,0.000208828,0.000208828,0.000208828
24,12715.5,0.44111,0.47996,1.05696,0.96086,0.93956,0.97883,0.91147,0.46367,0.39303,0.92363,0.000201502,0.000201502,0.000201502
25,13457,0.43428,0.47158,1.04951,0.96363,0.94384,0.97832,0.91637,0.46131,0.39515,0.91775,0.000194176,0.000194176,0.000194176
26,14322,0.43597,0.46769,1.05302,0.95373,0.94428,0.97833,0.91624,0.44935,0.38738,0.90836,0.00018685,0.00018685,0.00018685
27,15187.9,0.42687,0.45688,1.04578,0.95693,0.94962,0.97997,0.91719,0.44465,0.37634,0.90208,0.000179524,0.000179524,0.000179524
28,16063.4,0.41915,0.45058,1.0372,0.95507,0.9553,0.98333,0.92206,0.43431,0.3731,0.89456,0.000172198,0.000172198,0.000172198
29,16949,0.41795,0.44422,1.0395,0.96835,0.9466,0.98178,0.91393,0.43434,0.36496,0.8913,0.000164872,0.000164872,0.000164872
30,17771.4,0.41168,0.43397,1.03497,0.96752,0.94793,0.98375,0.92833,0.42196,0.36244,0.88236,0.000157546,0.000157546,0.000157546
31,18596.9,0.41231,0.43297,1.03386,0.96634,0.95773,0.98494,0.93032,0.41606,0.35154,0.87688,0.00015022,0.00015022,0.00015022
32,19598.3,0.40532,0.4247,1.0312,0.9609,0.96044,0.98447,0.93066,0.41993,0.35662,0.87675,0.000142894,0.000142894,0.000142894
33,20700.2,0.40319,0.41479,1.02951,0.97385,0.95559,0.98659,0.93349,0.41712,0.34979,0.88026,0.000135568,0.000135568,0.000135568
34,21329.8,0.40307,0.41721,1.03007,0.97951,0.9511,0.98703,0.93675,0.40237,0.34205,0.86142,0.000128242,0.000128242,0.000128242
35,21793.7,0.39518,0.40614,1.0252,0.97998,0.95052,0.98601,0.93528,0.40061,0.34633,0.86025,0.000120916,0.000120916,0.000120916
36,22257.4,0.3896,0.40155,1.02092,0.97324,0.95675,0.98669,0.93867,0.39402,0.3406,0.8544,0.00011359,0.00011359,0.00011359
37,22720.9,0.38255,0.39731,1.01535,0.97428,0.95746,0.98786,0.94099,0.3972,0.34095,0.86107,0.000106264,0.000106264,0.000106264
38,23187.1,0.38033,0.38768,1.01597,0.98127,0.95187,0.98735,0.94135,0.39402,0.33286,0.8565,9.8938e-05,9.8938e-05,9.8938e-05
39,23651.9,0.37801,0.38764,1.0152,0.97967,0.95298,0.98814,0.94413,0.38528,0.32501,0.84362,9.1612e-05,9.1612e-05,9.1612e-05
40,24116.2,0.37577,0.38122,1.01223,0.98088,0.95535,0.98861,0.94572,0.3835,0.32006,0.84247,8.4286e-05,8.4286e-05,8.4286e-05
41,24562,0.34033,0.31895,1.02564,0.97886,0.95439,0.98858,0.94613,0.37472,0.32035,0.83607,7.696e-05,7.696e-05,7.696e-05
42,25007,0.32491,0.28839,1.00981,0.9806,0.96196,0.9899,0.95196,0.36408,0.30902,0.82628,6.9634e-05,6.9634e-05,6.9634e-05
43,25451.9,0.31578,0.27498,1.00576,0.98317,0.9603,0.99043,0.95267,0.3579,0.3085,0.81986,6.2308e-05,6.2308e-05,6.2308e-05
44,25895.6,0.306,0.2693,0.99662,0.98862,0.95884,0.99061,0.95484,0.35249,0.3048,0.81484,5.4982e-05,5.4982e-05,5.4982e-05
45,26339,0.30224,0.26566,0.99286,0.98619,0.96514,0.99133,0.95571,0.34733,0.30071,0.81275,4.7656e-05,4.7656e-05,4.7656e-05
46,26784.7,0.29629,0.25629,0.98747,0.98976,0.9629,0.99157,0.95527,0.34621,0.30031,0.81238,4.033e-05,4.033e-05,4.033e-05
47,27232.1,0.29191,0.25023,0.98292,0.99002,0.96471,0.99195,0.95737,0.34067,0.29693,0.80622,3.3004e-05,3.3004e-05,3.3004e-05
48,27676.8,0.28564,0.24879,0.97596,0.98894,0.9652,0.99204,0.95987,0.336,0.29136,0.80044,2.5678e-05,2.5678e-05,2.5678e-05
49,28119.9,0.28054,0.24239,0.97139,0.98903,0.96741,0.99216,0.96052,0.3349,0.2907,0.79945,1.8352e-05,1.8352e-05,1.8352e-05
50,28561.2,0.27694,0.24047,0.96973,0.9926,0.96262,0.99213,0.96042,0.33193,0.28983,0.7968,1.1026e-05,1.1026e-05,1.1026e-05
